[
  {
    "login": "Deemanst1",
    "id": 58064150,
    "node_id": "MDQ6VXNlcjU4MDY0MTUw",
    "avatar_url": "https://avatars2.githubusercontent.com/u/58064150?v=4",
    "gravatar_id": "",
    "url": "https://api.github.com/users/Deemanst1",
    "html_url": "https://github.com/Deemanst1",
    "followers_url": "https://api.github.com/users/Deemanst1/followers",
    "following_url": "https://api.github.com/users/Deemanst1/following{/other_user}",
    "gists_url": "https://api.github.com/users/Deemanst1/gists{/gist_id}",
    "starred_url": "https://api.github.com/users/Deemanst1/starred{/owner}{/repo}",
    "subscriptions_url": "https://api.github.com/users/Deemanst1/subscriptions",
    "organizations_url": "https://api.github.com/users/Deemanst1/orgs",
    "repos_url": "https://api.github.com/users/Deemanst1/repos",
    "events_url": "https://api.github.com/users/Deemanst1/events{/privacy}",
    "received_events_url": "https://api.github.com/users/Deemanst1/received_events",
    "type": "User",
    "site_admin": false
  }
]
