[
  {
    "url": "https://api.github.com/gists/2d06038f5825111130ba50d93c0da81e",
    "forks_url": "https://api.github.com/gists/2d06038f5825111130ba50d93c0da81e/forks",
    "commits_url": "https://api.github.com/gists/2d06038f5825111130ba50d93c0da81e/commits",
    "id": "2d06038f5825111130ba50d93c0da81e",
    "node_id": "MDQ6R2lzdDJkMDYwMzhmNTgyNTExMTEzMGJhNTBkOTNjMGRhODFl",
    "git_pull_url": "https://gist.github.com/2d06038f5825111130ba50d93c0da81e.git",
    "git_push_url": "https://gist.github.com/2d06038f5825111130ba50d93c0da81e.git",
    "html_url": "https://gist.github.com/2d06038f5825111130ba50d93c0da81e",
    "files": {
      "20190730-TLP-WHITE_URGENT11_VxWorks.MD": {
        "filename": "20190730-TLP-WHITE_URGENT11_VxWorks.MD",
        "type": "text/markdown",
        "language": "Markdown",
        "raw_url": "https://gist.githubusercontent.com/ruzyysmartt/2d06038f5825111130ba50d93c0da81e/raw/d2e1521bb7f54a6ca74da062b9aed5949604fd13/20190730-TLP-WHITE_URGENT11_VxWorks.MD",
        "size": 16556
      }
    },
    "public": true,
    "created_at": "2019-12-23T08:13:25Z",
    "updated_at": "2019-12-23T08:13:25Z",
    "description": "Tracking vendors responses to URGENT/11 VxWorks vulnerabilities (Last updated: 2019-12-10 2251 UTC)",
    "comments": 0,
    "user": null,
    "comments_url": "https://api.github.com/gists/2d06038f5825111130ba50d93c0da81e/comments",
    "owner": {
      "login": "ruzyysmartt",
      "id": 52005723,
      "node_id": "MDQ6VXNlcjUyMDA1NzIz",
      "avatar_url": "https://avatars0.githubusercontent.com/u/52005723?v=4",
      "gravatar_id": "",
      "url": "https://api.github.com/users/ruzyysmartt",
      "html_url": "https://github.com/ruzyysmartt",
      "followers_url": "https://api.github.com/users/ruzyysmartt/followers",
      "following_url": "https://api.github.com/users/ruzyysmartt/following{/other_user}",
      "gists_url": "https://api.github.com/users/ruzyysmartt/gists{/gist_id}",
      "starred_url": "https://api.github.com/users/ruzyysmartt/starred{/owner}{/repo}",
      "subscriptions_url": "https://api.github.com/users/ruzyysmartt/subscriptions",
      "organizations_url": "https://api.github.com/users/ruzyysmartt/orgs",
      "repos_url": "https://api.github.com/users/ruzyysmartt/repos",
      "events_url": "https://api.github.com/users/ruzyysmartt/events{/privacy}",
      "received_events_url": "https://api.github.com/users/ruzyysmartt/received_events",
      "type": "User",
      "site_admin": false
    },
    "truncated": false
  },
  {
    "url": "https://api.github.com/gists/8a3ba59aee753b8d42a6cd74ba7dc98f",
    "forks_url": "https://api.github.com/gists/8a3ba59aee753b8d42a6cd74ba7dc98f/forks",
    "commits_url": "https://api.github.com/gists/8a3ba59aee753b8d42a6cd74ba7dc98f/commits",
    "id": "8a3ba59aee753b8d42a6cd74ba7dc98f",
    "node_id": "MDQ6R2lzdDhhM2JhNTlhZWU3NTNiOGQ0MmE2Y2Q3NGJhN2RjOThm",
    "git_pull_url": "https://gist.github.com/8a3ba59aee753b8d42a6cd74ba7dc98f.git",
    "git_push_url": "https://gist.github.com/8a3ba59aee753b8d42a6cd74ba7dc98f.git",
    "html_url": "https://gist.github.com/8a3ba59aee753b8d42a6cd74ba7dc98f",
    "files": {
      "commit-reposentory-0xde0b295669a9fd93d5f28d9ec85e40f4cb697bae": {
        "filename": "commit-reposentory-0xde0b295669a9fd93d5f28d9ec85e40f4cb697bae",
        "type": "text/plain",
        "language": null,
        "raw_url": "https://gist.githubusercontent.com/ruzyysmartt/8a3ba59aee753b8d42a6cd74ba7dc98f/raw/d409da03b1e9d83cc031e95fb8c02c0fe6f4adac/commit-reposentory-0xde0b295669a9fd93d5f28d9ec85e40f4cb697bae",
        "size": 36575
      }
    },
    "public": true,
    "created_at": "2019-12-23T08:09:03Z",
    "updated_at": "2019-12-23T08:09:43Z",
    "description": "commit-reposentory- 0xde0b295669a9fd93d5f28d9ec85e40f4cb697bae",
    "comments": 0,
    "user": null,
    "comments_url": "https://api.github.com/gists/8a3ba59aee753b8d42a6cd74ba7dc98f/comments",
    "owner": {
      "login": "ruzyysmartt",
      "id": 52005723,
      "node_id": "MDQ6VXNlcjUyMDA1NzIz",
      "avatar_url": "https://avatars0.githubusercontent.com/u/52005723?v=4",
      "gravatar_id": "",
      "url": "https://api.github.com/users/ruzyysmartt",
      "html_url": "https://github.com/ruzyysmartt",
      "followers_url": "https://api.github.com/users/ruzyysmartt/followers",
      "following_url": "https://api.github.com/users/ruzyysmartt/following{/other_user}",
      "gists_url": "https://api.github.com/users/ruzyysmartt/gists{/gist_id}",
      "starred_url": "https://api.github.com/users/ruzyysmartt/starred{/owner}{/repo}",
      "subscriptions_url": "https://api.github.com/users/ruzyysmartt/subscriptions",
      "organizations_url": "https://api.github.com/users/ruzyysmartt/orgs",
      "repos_url": "https://api.github.com/users/ruzyysmartt/repos",
      "events_url": "https://api.github.com/users/ruzyysmartt/events{/privacy}",
      "received_events_url": "https://api.github.com/users/ruzyysmartt/received_events",
      "type": "User",
      "site_admin": false
    },
    "truncated": false
  },
  {
    "url": "https://api.github.com/gists/c40537676e1055e0be7a686d03d3101a",
    "forks_url": "https://api.github.com/gists/c40537676e1055e0be7a686d03d3101a/forks",
    "commits_url": "https://api.github.com/gists/c40537676e1055e0be7a686d03d3101a/commits",
    "id": "c40537676e1055e0be7a686d03d3101a",
    "node_id": "MDQ6R2lzdGM0MDUzNzY3NmUxMDU1ZTBiZTdhNjg2ZDAzZDMxMDFh",
    "git_pull_url": "https://gist.github.com/c40537676e1055e0be7a686d03d3101a.git",
    "git_push_url": "https://gist.github.com/c40537676e1055e0be7a686d03d3101a.git",
    "html_url": "https://gist.github.com/c40537676e1055e0be7a686d03d3101a",
    "files": {
      "0x3023868433F6086cd8CE0C4083fe2E11B37ce0B7": {
        "filename": "0x3023868433F6086cd8CE0C4083fe2E11B37ce0B7",
        "type": "text/plain",
        "language": null,
        "raw_url": "https://gist.githubusercontent.com/ruzyysmartt/c40537676e1055e0be7a686d03d3101a/raw/aeeb66fd63e2345e997df2b4a5a948d235ded3be/0x3023868433F6086cd8CE0C4083fe2E11B37ce0B7",
        "size": 1351
      }
    },
    "public": true,
    "created_at": "2019-11-26T18:10:53Z",
    "updated_at": "2019-12-15T12:12:03Z",
    "description": "",
    "comments": 3,
    "user": null,
    "comments_url": "https://api.github.com/gists/c40537676e1055e0be7a686d03d3101a/comments",
    "owner": {
      "login": "ruzyysmartt",
      "id": 52005723,
      "node_id": "MDQ6VXNlcjUyMDA1NzIz",
      "avatar_url": "https://avatars0.githubusercontent.com/u/52005723?v=4",
      "gravatar_id": "",
      "url": "https://api.github.com/users/ruzyysmartt",
      "html_url": "https://github.com/ruzyysmartt",
      "followers_url": "https://api.github.com/users/ruzyysmartt/followers",
      "following_url": "https://api.github.com/users/ruzyysmartt/following{/other_user}",
      "gists_url": "https://api.github.com/users/ruzyysmartt/gists{/gist_id}",
      "starred_url": "https://api.github.com/users/ruzyysmartt/starred{/owner}{/repo}",
      "subscriptions_url": "https://api.github.com/users/ruzyysmartt/subscriptions",
      "organizations_url": "https://api.github.com/users/ruzyysmartt/orgs",
      "repos_url": "https://api.github.com/users/ruzyysmartt/repos",
      "events_url": "https://api.github.com/users/ruzyysmartt/events{/privacy}",
      "received_events_url": "https://api.github.com/users/ruzyysmartt/received_events",
      "type": "User",
      "site_admin": false
    },
    "truncated": false
  },
  {
    "url": "https://api.github.com/gists/3c03eeb53728b84182c71b3bb50b45de",
    "forks_url": "https://api.github.com/gists/3c03eeb53728b84182c71b3bb50b45de/forks",
    "commits_url": "https://api.github.com/gists/3c03eeb53728b84182c71b3bb50b45de/commits",
    "id": "3c03eeb53728b84182c71b3bb50b45de",
    "node_id": "MDQ6R2lzdDNjMDNlZWI1MzcyOGI4NDE4MmM3MWIzYmI1MGI0NWRl",
    "git_pull_url": "https://gist.github.com/3c03eeb53728b84182c71b3bb50b45de.git",
    "git_push_url": "https://gist.github.com/3c03eeb53728b84182c71b3bb50b45de.git",
    "html_url": "https://gist.github.com/3c03eeb53728b84182c71b3bb50b45de",
    "files": {
      "My ethereum wallet 2": {
        "filename": "My ethereum wallet 2",
        "type": "text/plain",
        "language": null,
        "raw_url": "https://gist.githubusercontent.com/ruzyysmartt/3c03eeb53728b84182c71b3bb50b45de/raw/5648da83462c3ca1ab3d56278f940da84666cd87/My%20ethereum%20wallet%202",
        "size": 4877
      }
    },
    "public": true,
    "created_at": "2019-11-20T19:01:24Z",
    "updated_at": "2019-11-20T19:01:25Z",
    "description": "My ethereal address;0x3023868433F6086cd8CE0C4083fe2E11B37ce0B7",
    "comments": 0,
    "user": null,
    "comments_url": "https://api.github.com/gists/3c03eeb53728b84182c71b3bb50b45de/comments",
    "owner": {
      "login": "ruzyysmartt",
      "id": 52005723,
      "node_id": "MDQ6VXNlcjUyMDA1NzIz",
      "avatar_url": "https://avatars0.githubusercontent.com/u/52005723?v=4",
      "gravatar_id": "",
      "url": "https://api.github.com/users/ruzyysmartt",
      "html_url": "https://github.com/ruzyysmartt",
      "followers_url": "https://api.github.com/users/ruzyysmartt/followers",
      "following_url": "https://api.github.com/users/ruzyysmartt/following{/other_user}",
      "gists_url": "https://api.github.com/users/ruzyysmartt/gists{/gist_id}",
      "starred_url": "https://api.github.com/users/ruzyysmartt/starred{/owner}{/repo}",
      "subscriptions_url": "https://api.github.com/users/ruzyysmartt/subscriptions",
      "organizations_url": "https://api.github.com/users/ruzyysmartt/orgs",
      "repos_url": "https://api.github.com/users/ruzyysmartt/repos",
      "events_url": "https://api.github.com/users/ruzyysmartt/events{/privacy}",
      "received_events_url": "https://api.github.com/users/ruzyysmartt/received_events",
      "type": "User",
      "site_admin": false
    },
    "truncated": false
  },
  {
    "url": "https://api.github.com/gists/49b4e491664a53123361814878bfb7c5",
    "forks_url": "https://api.github.com/gists/49b4e491664a53123361814878bfb7c5/forks",
    "commits_url": "https://api.github.com/gists/49b4e491664a53123361814878bfb7c5/commits",
    "id": "49b4e491664a53123361814878bfb7c5",
    "node_id": "MDQ6R2lzdDQ5YjRlNDkxNjY0YTUzMTIzMzYxODE0ODc4YmZiN2M1",
    "git_pull_url": "https://gist.github.com/49b4e491664a53123361814878bfb7c5.git",
    "git_push_url": "https://gist.github.com/49b4e491664a53123361814878bfb7c5.git",
    "html_url": "https://gist.github.com/49b4e491664a53123361814878bfb7c5",
    "files": {
      "main.txt": {
        "filename": "main.txt",
        "type": "text/plain",
        "language": "Text",
        "raw_url": "https://gist.githubusercontent.com/ruzyysmartt/49b4e491664a53123361814878bfb7c5/raw/3e7e975ddaabcf5894f9827c2a3b8ecab5923eb3/main.txt",
        "size": 42
      }
    },
    "public": true,
    "created_at": "2019-11-07T12:39:13Z",
    "updated_at": "2019-11-07T12:39:13Z",
    "description": "== Thumnail Carousel ==",
    "comments": 0,
    "user": null,
    "comments_url": "https://api.github.com/gists/49b4e491664a53123361814878bfb7c5/comments",
    "owner": {
      "login": "ruzyysmartt",
      "id": 52005723,
      "node_id": "MDQ6VXNlcjUyMDA1NzIz",
      "avatar_url": "https://avatars0.githubusercontent.com/u/52005723?v=4",
      "gravatar_id": "",
      "url": "https://api.github.com/users/ruzyysmartt",
      "html_url": "https://github.com/ruzyysmartt",
      "followers_url": "https://api.github.com/users/ruzyysmartt/followers",
      "following_url": "https://api.github.com/users/ruzyysmartt/following{/other_user}",
      "gists_url": "https://api.github.com/users/ruzyysmartt/gists{/gist_id}",
      "starred_url": "https://api.github.com/users/ruzyysmartt/starred{/owner}{/repo}",
      "subscriptions_url": "https://api.github.com/users/ruzyysmartt/subscriptions",
      "organizations_url": "https://api.github.com/users/ruzyysmartt/orgs",
      "repos_url": "https://api.github.com/users/ruzyysmartt/repos",
      "events_url": "https://api.github.com/users/ruzyysmartt/events{/privacy}",
      "received_events_url": "https://api.github.com/users/ruzyysmartt/received_events",
      "type": "User",
      "site_admin": false
    },
    "truncated": false
  },
  {
    "url": "https://api.github.com/gists/984a178cde8418762948e1404dee4f24",
    "forks_url": "https://api.github.com/gists/984a178cde8418762948e1404dee4f24/forks",
    "commits_url": "https://api.github.com/gists/984a178cde8418762948e1404dee4f24/commits",
    "id": "984a178cde8418762948e1404dee4f24",
    "node_id": "MDQ6R2lzdDk4NGExNzhjZGU4NDE4NzYyOTQ4ZTE0MDRkZWU0ZjI0",
    "git_pull_url": "https://gist.github.com/984a178cde8418762948e1404dee4f24.git",
    "git_push_url": "https://gist.github.com/984a178cde8418762948e1404dee4f24.git",
    "html_url": "https://gist.github.com/984a178cde8418762948e1404dee4f24",
    "files": {
      "Logo ethereum 128x128 png": {
        "filename": "Logo ethereum 128x128 png",
        "type": "text/plain",
        "language": null,
        "raw_url": "https://gist.githubusercontent.com/ruzyysmartt/984a178cde8418762948e1404dee4f24/raw/8c76357f1a3b2ab7b558734d89ad7e93278839e0/Logo%20ethereum%20128x128%20png",
        "size": 341
      }
    },
    "public": true,
    "created_at": "2019-11-05T23:34:13Z",
    "updated_at": "2019-11-09T17:00:57Z",
    "description": "logo ethereum png",
    "comments": 1,
    "user": null,
    "comments_url": "https://api.github.com/gists/984a178cde8418762948e1404dee4f24/comments",
    "owner": {
      "login": "ruzyysmartt",
      "id": 52005723,
      "node_id": "MDQ6VXNlcjUyMDA1NzIz",
      "avatar_url": "https://avatars0.githubusercontent.com/u/52005723?v=4",
      "gravatar_id": "",
      "url": "https://api.github.com/users/ruzyysmartt",
      "html_url": "https://github.com/ruzyysmartt",
      "followers_url": "https://api.github.com/users/ruzyysmartt/followers",
      "following_url": "https://api.github.com/users/ruzyysmartt/following{/other_user}",
      "gists_url": "https://api.github.com/users/ruzyysmartt/gists{/gist_id}",
      "starred_url": "https://api.github.com/users/ruzyysmartt/starred{/owner}{/repo}",
      "subscriptions_url": "https://api.github.com/users/ruzyysmartt/subscriptions",
      "organizations_url": "https://api.github.com/users/ruzyysmartt/orgs",
      "repos_url": "https://api.github.com/users/ruzyysmartt/repos",
      "events_url": "https://api.github.com/users/ruzyysmartt/events{/privacy}",
      "received_events_url": "https://api.github.com/users/ruzyysmartt/received_events",
      "type": "User",
      "site_admin": false
    },
    "truncated": false
  }
]
