{
  "login": "ruzyysmartt",
  "id": 52005723,
  "node_id": "MDQ6VXNlcjUyMDA1NzIz",
  "avatar_url": "https://avatars0.githubusercontent.com/u/52005723?v=4",
  "gravatar_id": "",
  "url": "https://api.github.com/users/ruzyysmartt",
  "html_url": "https://github.com/ruzyysmartt",
  "followers_url": "https://api.github.com/users/ruzyysmartt/followers",
  "following_url": "https://api.github.com/users/ruzyysmartt/following{/other_user}",
  "gists_url": "https://api.github.com/users/ruzyysmartt/gists{/gist_id}",
  "starred_url": "https://api.github.com/users/ruzyysmartt/starred{/owner}{/repo}",
  "subscriptions_url": "https://api.github.com/users/ruzyysmartt/subscriptions",
  "organizations_url": "https://api.github.com/users/ruzyysmartt/orgs",
  "repos_url": "https://api.github.com/users/ruzyysmartt/repos",
  "events_url": "https://api.github.com/users/ruzyysmartt/events{/privacy}",
  "received_events_url": "https://api.github.com/users/ruzyysmartt/received_events",
  "type": "User",
  "site_admin": false,
  "name": "ruzyysmartt",
  "company": "Ruzisemat enterprise",
  "blog": "52005723+ruzyysmartt@users.noreply.github.com",
  "location": "http://github.com/ruzyysmartt",
  "email": null,
  "hireable": true,
  "bio": "I have something.  ..i can run have it...im nom 1 ..not nom 2 ...iif Want  challenger me...come. We fight  for the job",
  "public_repos": 64,
  "public_gists": 6,
  "followers": 1,
  "following": 1,
  "created_at": "2019-06-19T15:36:04Z",
  "updated_at": "2020-01-18T06:47:04Z"
}
